{
  "custom": {},
  "params": {},
  "props": {
    "defaultSize": {
      "height": 1354,
      "width": 1852
    }
  },
  "root": {
    "children": [
      {
        "events": {
          "dom": {
            "onClick": {
              "config": {
                "newTab": true,
                "url": "http://localhost:8088/data/perspective/client/Edge/tank1"
              },
              "scope": "C",
              "type": "nav"
            }
          }
        },
        "meta": {
          "name": "Label"
        },
        "position": {
          "height": 321.09,
          "width": 229.01,
          "x": 50.98,
          "y": 51
        },
        "props": {
          "style": {
            "backgroundColor": "#FFFFFF"
          }
        },
        "type": "ia.display.label"
      },
      {
        "events": {
          "dom": {
            "onClick": {
              "config": {
                "newTab": true,
                "url": "http://localhost:8088/data/perspective/client/Edge/tank2"
              },
              "scope": "C",
              "type": "nav"
            }
          }
        },
        "meta": {
          "name": "Label_0"
        },
        "position": {
          "height": 321.09,
          "width": 229,
          "x": 294.11,
          "y": 51
        },
        "props": {
          "style": {
            "backgroundColor": "#FFFFFF"
          }
        },
        "type": "ia.display.label"
      },
      {
        "events": {
          "dom": {
            "onClick": {
              "config": {
                "newTab": true,
                "url": "http://localhost:8088/data/perspective/client/Edge/tank3"
              },
              "scope": "C",
              "type": "nav"
            }
          }
        },
        "meta": {
          "name": "Label_1"
        },
        "position": {
          "height": 321.09,
          "width": 229,
          "x": 536.35,
          "y": 51
        },
        "props": {
          "style": {
            "backgroundColor": "#FFFFFF"
          }
        },
        "type": "ia.display.label"
      },
      {
        "events": {
          "dom": {
            "onClick": {
              "config": {
                "newTab": true,
                "url": "http://localhost:8088/data/perspective/client/Edge/pump1"
              },
              "scope": "C",
              "type": "nav"
            }
          }
        },
        "meta": {
          "name": "Label_2"
        },
        "position": {
          "height": 321.1,
          "width": 229.01,
          "x": 50.98,
          "y": 390.41
        },
        "props": {
          "style": {
            "backgroundColor": "#FFFFFF"
          }
        },
        "type": "ia.display.label"
      },
      {
        "events": {
          "dom": {
            "onClick": {
              "config": {
                "newTab": true,
                "url": "http://localhost:8088/data/perspective/client/Edge/pump2"
              },
              "scope": "C",
              "type": "nav"
            }
          }
        },
        "meta": {
          "name": "Label_3"
        },
        "position": {
          "height": 321.1,
          "width": 229,
          "x": 294.11,
          "y": 390.41
        },
        "props": {
          "style": {
            "backgroundColor": "#FFFFFF"
          }
        },
        "type": "ia.display.label"
      },
      {
        "events": {
          "dom": {
            "onClick": {
              "config": {
                "newTab": true,
                "url": "http://localhost:8088/data/perspective/client/Edge/pump3"
              },
              "scope": "C",
              "type": "nav"
            }
          }
        },
        "meta": {
          "name": "Label_4"
        },
        "position": {
          "height": 321.1,
          "width": 229,
          "x": 536.35,
          "y": 390.41
        },
        "props": {
          "style": {
            "backgroundColor": "#FFFFFF"
          }
        },
        "type": "ia.display.label"
      },
      {
        "events": {
          "dom": {
            "onClick": {
              "config": {
                "newTab": true,
                "url": "http://localhost:8088/data/perspective/client/Edge/pump6"
              },
              "scope": "C",
              "type": "nav"
            }
          }
        },
        "meta": {
          "name": "Label_5"
        },
        "position": {
          "height": 321.1,
          "width": 229,
          "x": 1264.84,
          "y": 390.41
        },
        "props": {
          "style": {
            "backgroundColor": "#FFFFFF"
          }
        },
        "type": "ia.display.label"
      },
      {
        "events": {
          "dom": {
            "onClick": {
              "config": {
                "newTab": true,
                "url": "http://localhost:8088/data/perspective/client/Edge/pump5"
              },
              "scope": "C",
              "type": "nav"
            }
          }
        },
        "meta": {
          "name": "Label_6"
        },
        "position": {
          "height": 321.1,
          "width": 229,
          "x": 1022.59,
          "y": 390.41
        },
        "props": {
          "style": {
            "backgroundColor": "#FFFFFF"
          }
        },
        "type": "ia.display.label"
      },
      {
        "events": {
          "dom": {
            "onClick": {
              "config": {
                "newTab": true,
                "url": "http://localhost:8088/data/perspective/client/Edge/tank5"
              },
              "scope": "C",
              "type": "nav"
            }
          }
        },
        "meta": {
          "name": "Label_7"
        },
        "position": {
          "height": 321.09,
          "width": 229,
          "x": 1022.59,
          "y": 51
        },
        "props": {
          "style": {
            "backgroundColor": "#FFFFFF"
          }
        },
        "type": "ia.display.label"
      },
      {
        "events": {
          "dom": {
            "onClick": {
              "config": {
                "newTab": true,
                "url": "http://localhost:8088/data/perspective/client/Edge/tank6"
              },
              "scope": "C",
              "type": "nav"
            }
          }
        },
        "meta": {
          "name": "Label_8"
        },
        "position": {
          "height": 321.09,
          "width": 229,
          "x": 1264.84,
          "y": 51
        },
        "props": {
          "style": {
            "backgroundColor": "#FFFFFF"
          }
        },
        "type": "ia.display.label"
      },
      {
        "events": {
          "dom": {
            "onClick": {
              "config": {
                "newTab": true,
                "url": "http://localhost:8088/data/perspective/client/Edge/tank4"
              },
              "scope": "C",
              "type": "nav"
            }
          }
        },
        "meta": {
          "name": "Label_9"
        },
        "position": {
          "height": 321.09,
          "width": 229.01,
          "x": 779.46,
          "y": 51
        },
        "props": {
          "style": {
            "backgroundColor": "#FFFFFF"
          }
        },
        "type": "ia.display.label"
      },
      {
        "events": {
          "dom": {
            "onClick": {
              "config": {
                "newTab": true,
                "url": "http://localhost:8088/data/perspective/client/Edge/pump4"
              },
              "scope": "C",
              "type": "nav"
            }
          }
        },
        "meta": {
          "name": "Label_10"
        },
        "position": {
          "height": 321.1,
          "width": 229.01,
          "x": 779.46,
          "y": 390.41
        },
        "props": {
          "style": {
            "backgroundColor": "#FFFFFF"
          }
        },
        "type": "ia.display.label"
      },
      {
        "events": {
          "dom": {
            "onClick": {
              "config": {
                "newTab": true,
                "url": "http://localhost:8088/data/perspective/client/Edge/tank1"
              },
              "scope": "C",
              "type": "nav"
            }
          }
        },
        "meta": {
          "name": "Label_11"
        },
        "position": {
          "height": 156.29,
          "width": 95.82,
          "x": 113.26,
          "y": 142.76
        },
        "props": {
          "style": {
            "borderColor": "#808080",
            "borderStyle": "solid",
            "borderWidth": 3
          }
        },
        "type": "ia.display.label"
      },
      {
        "events": {
          "dom": {
            "onClick": {
              "config": {
                "newTab": true,
                "url": "http://localhost:8088/data/perspective/client/Edge/tank1"
              },
              "scope": "C",
              "type": "nav"
            }
          }
        },
        "meta": {
          "name": "Label_12"
        },
        "position": {
          "width": 86.23,
          "x": 118.06
        },
        "propConfig": {
          "position.height": {
            "binding": {
              "config": {
                "expression": "(({[edge]Oil_Industry/Tank1/Capacity}/(3.1415*(({[edge]Oil_Industry/Tank1/Diameter}/2)^2)*7.48)))/{[edge]Oil_Industry/Tank1/Height}"
              },
              "transforms": [
                {
                  "expression": "{value}*146",
                  "type": "expression"
                }
              ],
              "type": "expr"
            }
          },
          "position.y": {
            "binding": {
              "config": {
                "expression": "148.07 + (146-{this.position.height})"
              },
              "type": "expr"
            }
          }
        },
        "props": {
          "style": {
            "backgroundColor": "#d1e3f8"
          }
        },
        "type": "ia.display.label"
      },
      {
        "events": {
          "dom": {
            "onClick": {
              "config": {
                "newTab": true,
                "url": "http://localhost:8088/data/perspective/client/Edge/tank1"
              },
              "scope": "C",
              "type": "nav"
            }
          }
        },
        "meta": {
          "name": "Label_17"
        },
        "position": {
          "height": 19.89,
          "width": 151.39,
          "x": 62.32,
          "y": 60.99
        },
        "props": {
          "style": {
            "fontSize": 17
          },
          "text": "Tank1",
          "textStyle": {
            "color": "#4E5D4E",
            "fontWeight": "bold"
          }
        },
        "type": "ia.display.label"
      },
      {
        "events": {
          "dom": {
            "onClick": {
              "config": {
                "newTab": true,
                "url": "http://localhost:8088/data/perspective/client/Edge/pump1"
              },
              "scope": "C",
              "type": "nav"
            }
          }
        },
        "meta": {
          "name": "Label_18"
        },
        "position": {
          "height": 19.89,
          "width": 151.39,
          "x": 62.32,
          "y": 401.03
        },
        "props": {
          "style": {
            "fontSize": 17
          },
          "text": "Pump1",
          "textStyle": {
            "color": "#4E5D4E",
            "fontWeight": "bold"
          }
        },
        "type": "ia.display.label"
      },
      {
        "events": {
          "dom": {
            "onClick": {
              "config": {
                "newTab": true,
                "url": "http://localhost:8088/data/perspective/client/Edge/tank1"
              },
              "scope": "C",
              "type": "nav"
            }
          }
        },
        "meta": {
          "name": "Label_15"
        },
        "position": {
          "height": 19.89,
          "width": 47.91,
          "x": 223.45,
          "y": 60.24
        },
        "propConfig": {
          "props.style.backgroundColor": {
            "binding": {
              "config": {
                "fallbackDelay": 2.5,
                "mode": "direct",
                "tagPath": "[edge]Oil_Industry/Tank1/Status"
              },
              "transforms": [
                {
                  "code": " if value \u003d\u003d True:\n\treturn \u0027#FFFFFF\u0027\n else:\n \treturn \u0027#000000\u0027",
                  "type": "script"
                }
              ],
              "type": "tag"
            }
          }
        },
        "props": {
          "style": {
            "borderBottomLeftRadius": 12,
            "borderBottomRightRadius": 12,
            "borderColor": "#808080",
            "borderStyle": "solid",
            "borderTopLeftRadius": 12,
            "borderTopRightRadius": 12,
            "borderWidth": 1
          }
        },
        "type": "ia.display.label"
      },
      {
        "events": {
          "dom": {
            "onClick": {
              "config": {
                "newTab": true,
                "url": "http://localhost:8088/data/perspective/client/Edge/tank1"
              },
              "scope": "C",
              "type": "nav"
            }
          }
        },
        "meta": {
          "name": "Label_16"
        },
        "position": {
          "height": 19.89,
          "width": 18.2,
          "y": 61.030003815
        },
        "propConfig": {
          "position.x": {
            "binding": {
              "config": {
                "fallbackDelay": 2.5,
                "mode": "direct",
                "tagPath": "[edge]Oil_Industry/Tank1/Status"
              },
              "transforms": [
                {
                  "code": "\tif value \u003d\u003d True :\n\t return 253.347221375\n\telse:\n\t\treturn 223.444442749",
                  "type": "script"
                }
              ],
              "type": "tag"
            }
          },
          "props.style.backgroundColor": {
            "binding": {
              "config": {
                "expression": "{[edge]Oil_Industry/Tank1/Status}"
              },
              "transforms": [
                {
                  "code": " if value \u003d\u003d True:\n\treturn \u0027#28A745\u0027\n else:\n \treturn \u0027#FFFFFF\u0027",
                  "type": "script"
                }
              ],
              "type": "expr"
            }
          }
        },
        "props": {
          "style": {
            "borderBottomLeftRadius": 12,
            "borderBottomRightRadius": 12,
            "borderStyle": "solid",
            "borderTopLeftRadius": 12,
            "borderTopRightRadius": 12,
            "borderWidth": 1
          }
        },
        "type": "ia.display.label"
      },
      {
        "events": {
          "dom": {
            "onClick": {
              "config": {
                "newTab": true,
                "url": "http://localhost:8088/data/perspective/client/Edge/tank2"
              },
              "scope": "C",
              "type": "nav"
            }
          }
        },
        "meta": {
          "name": "Label_23"
        },
        "position": {
          "height": 19.89,
          "width": 47.91,
          "x": 468.06,
          "y": 60.31
        },
        "propConfig": {
          "props.style.backgroundColor": {
            "binding": {
              "config": {
                "fallbackDelay": 2.5,
                "mode": "direct",
                "tagPath": "[edge]Oil_Industry/Tank2/Status"
              },
              "transforms": [
                {
                  "code": " if value \u003d\u003d True:\n\treturn \u0027#FFFFFF\u0027\n else:\n \treturn \u0027#000000\u0027",
                  "type": "script"
                }
              ],
              "type": "tag"
            }
          }
        },
        "props": {
          "style": {
            "borderBottomLeftRadius": 12,
            "borderBottomRightRadius": 12,
            "borderColor": "#808080",
            "borderStyle": "solid",
            "borderTopLeftRadius": 12,
            "borderTopRightRadius": 12,
            "borderWidth": 1
          }
        },
        "type": "ia.display.label"
      },
      {
        "events": {
          "dom": {
            "onClick": {
              "config": {
                "newTab": true,
                "url": "http://localhost:8088/data/perspective/client/Edge/tank2"
              },
              "scope": "C",
              "type": "nav"
            }
          }
        },
        "meta": {
          "name": "Label_24"
        },
        "position": {
          "height": 19.89,
          "width": 18.2,
          "y": 60.460003815
        },
        "propConfig": {
          "position.x": {
            "binding": {
              "config": {
                "expression": "{[edge]Oil_Industry/Tank2/Status}"
              },
              "transforms": [
                {
                  "code": "\tif value \u003d\u003d True :\n\t return 497.821351135\n\telse:\n\t\treturn 467.63157251",
                  "type": "script"
                }
              ],
              "type": "expr"
            }
          },
          "props.style.backgroundColor": {
            "binding": {
              "config": {
                "expression": "{[edge]Oil_Industry/Tank2/Status}"
              },
              "transforms": [
                {
                  "code": " if value \u003d\u003d True:\n\treturn \u0027#28A745\u0027\n else:\n \treturn \u0027#FFFFFF\u0027",
                  "type": "script"
                }
              ],
              "type": "expr"
            }
          }
        },
        "props": {
          "style": {
            "borderBottomLeftRadius": 12,
            "borderBottomRightRadius": 12,
            "borderStyle": "solid",
            "borderTopLeftRadius": 12,
            "borderTopRightRadius": 12,
            "borderWidth": 1
          }
        },
        "type": "ia.display.label"
      },
      {
        "events": {
          "dom": {
            "onClick": {
              "config": {
                "newTab": true,
                "url": "http://localhost:8088/data/perspective/client/Edge/tank3"
              },
              "scope": "C",
              "type": "nav"
            }
          }
        },
        "meta": {
          "name": "Label_25"
        },
        "position": {
          "height": 19.89,
          "width": 47.91,
          "x": 707.61,
          "y": 60.37
        },
        "propConfig": {
          "props.style.backgroundColor": {
            "binding": {
              "config": {
                "fallbackDelay": 2.5,
                "mode": "direct",
                "tagPath": "[edge]Oil_Industry/Tank3/Status"
              },
              "transforms": [
                {
                  "code": " if value \u003d\u003d True:\n\treturn \u0027#FFFFFF\u0027\n else:\n \treturn \u0027#000000\u0027",
                  "type": "script"
                }
              ],
              "type": "tag"
            }
          }
        },
        "props": {
          "style": {
            "borderBottomLeftRadius": 12,
            "borderBottomRightRadius": 12,
            "borderColor": "#808080",
            "borderStyle": "solid",
            "borderTopLeftRadius": 12,
            "borderTopRightRadius": 12,
            "borderWidth": 1
          }
        },
        "type": "ia.display.label"
      },
      {
        "events": {
          "dom": {
            "onClick": {
              "config": {
                "newTab": true,
                "url": "http://localhost:8088/data/perspective/client/Edge/tank3"
              },
              "scope": "C",
              "type": "nav"
            }
          }
        },
        "meta": {
          "name": "Label_26"
        },
        "position": {
          "height": 19.9,
          "width": 18.2,
          "y": 60.520003815
        },
        "propConfig": {
          "position.x": {
            "binding": {
              "config": {
                "fallbackDelay": 2.5,
                "mode": "direct",
                "tagPath": "[edge]Oil_Industry/Tank3/Status"
              },
              "transforms": [
                {
                  "code": "\tif value \u003d\u003d True :\n\t return 737.500007629\n\telse:\n\t\treturn 707.597229004",
                  "type": "script"
                }
              ],
              "type": "tag"
            }
          },
          "props.style.backgroundColor": {
            "binding": {
              "config": {
                "expression": "{[edge]Oil_Industry/Tank3/Status}"
              },
              "transforms": [
                {
                  "code": " if value \u003d\u003d True:\n\treturn \u0027#28A745\u0027\n else:\n \treturn \u0027#FFFFFF\u0027",
                  "type": "script"
                }
              ],
              "type": "expr"
            }
          }
        },
        "props": {
          "style": {
            "borderBottomLeftRadius": 12,
            "borderBottomRightRadius": 12,
            "borderStyle": "solid",
            "borderTopLeftRadius": 12,
            "borderTopRightRadius": 12,
            "borderWidth": 1
          }
        },
        "type": "ia.display.label"
      },
      {
        "events": {
          "dom": {
            "onClick": {
              "config": {
                "newTab": true,
                "url": "http://localhost:8088/data/perspective/client/Edge/tank2"
              },
              "scope": "C",
              "type": "nav"
            }
          }
        },
        "meta": {
          "name": "Label_27"
        },
        "position": {
          "height": 19.89,
          "width": 151.39,
          "x": 307.61,
          "y": 60.99
        },
        "props": {
          "style": {
            "fontSize": 17
          },
          "text": "Tank2",
          "textStyle": {
            "color": "#4E5D4E",
            "fontWeight": "bold"
          }
        },
        "type": "ia.display.label"
      },
      {
        "events": {
          "dom": {
            "onClick": {
              "config": {
                "newTab": true,
                "url": "http://localhost:8088/data/perspective/client/Edge/tank3"
              },
              "scope": "C",
              "type": "nav"
            }
          }
        },
        "meta": {
          "name": "Label_28"
        },
        "position": {
          "height": 19.89,
          "width": 151.39,
          "x": 550.35,
          "y": 60.19
        },
        "props": {
          "style": {
            "fontSize": 17
          },
          "text": "Tank3",
          "textStyle": {
            "color": "#4E5D4E",
            "fontWeight": "bold"
          }
        },
        "type": "ia.display.label"
      },
      {
        "events": {
          "dom": {
            "onClick": {
              "config": {
                "newTab": true,
                "url": "http://localhost:8088/data/perspective/client/Edge/tank4"
              },
              "scope": "C",
              "type": "nav"
            }
          }
        },
        "meta": {
          "name": "Label_29"
        },
        "position": {
          "height": 19.89,
          "width": 151.39,
          "x": 793.73,
          "y": 60.26
        },
        "props": {
          "style": {
            "fontSize": 17
          },
          "text": "Tank4",
          "textStyle": {
            "color": "#4E5D4E",
            "fontWeight": "bold"
          }
        },
        "type": "ia.display.label"
      },
      {
        "events": {
          "dom": {
            "onClick": {
              "config": {
                "newTab": true,
                "url": "http://localhost:8088/data/perspective/client/Edge/tank5"
              },
              "scope": "C",
              "type": "nav"
            }
          }
        },
        "meta": {
          "name": "Label_30"
        },
        "position": {
          "height": 19.9,
          "width": 151.39,
          "x": 1039.98,
          "y": 60.32
        },
        "props": {
          "style": {
            "fontSize": 17
          },
          "text": "Tank5",
          "textStyle": {
            "color": "#4E5D4E",
            "fontWeight": "bold"
          }
        },
        "type": "ia.display.label"
      },
      {
        "events": {
          "dom": {
            "onClick": {
              "config": {
                "newTab": true,
                "url": "http://localhost:8088/data/perspective/client/Edge/tank6"
              },
              "scope": "C",
              "type": "nav"
            }
          }
        },
        "meta": {
          "name": "Label_31"
        },
        "position": {
          "height": 19.89,
          "width": 151.39,
          "x": 1283.36,
          "y": 60.39
        },
        "props": {
          "style": {
            "fontSize": 17
          },
          "text": "Tank6",
          "textStyle": {
            "color": "#4E5D4E",
            "fontWeight": "bold"
          }
        },
        "type": "ia.display.label"
      },
      {
        "events": {
          "dom": {
            "onClick": {
              "config": {
                "newTab": true,
                "url": "http://localhost:8088/data/perspective/client/Edge/tank4"
              },
              "scope": "C",
              "type": "nav"
            }
          }
        },
        "meta": {
          "name": "Label_33"
        },
        "position": {
          "height": 19.89,
          "width": 47.91,
          "x": 952.26,
          "y": 60.58
        },
        "propConfig": {
          "props.style.backgroundColor": {
            "binding": {
              "config": {
                "fallbackDelay": 2.5,
                "mode": "direct",
                "tagPath": "[edge]Oil_Industry/Tank4/Status"
              },
              "transforms": [
                {
                  "code": " if value \u003d\u003d True:\n\treturn \u0027#FFFFFF\u0027\n else:\n \treturn \u0027#000000\u0027",
                  "type": "script"
                }
              ],
              "type": "tag"
            }
          }
        },
        "props": {
          "style": {
            "borderBottomLeftRadius": 12,
            "borderBottomRightRadius": 12,
            "borderColor": "#808080",
            "borderStyle": "solid",
            "borderTopLeftRadius": 12,
            "borderTopRightRadius": 12,
            "borderWidth": 1
          }
        },
        "type": "ia.display.label"
      },
      {
        "events": {
          "dom": {
            "onClick": {
              "config": {
                "newTab": true,
                "url": "http://localhost:8088/data/perspective/client/Edge/tank4"
              },
              "scope": "C",
              "type": "nav"
            }
          }
        },
        "meta": {
          "name": "Label_32"
        },
        "position": {
          "height": 19.89,
          "width": 18.21,
          "y": 60.66000381469726
        },
        "propConfig": {
          "position.x": {
            "binding": {
              "config": {
                "fallbackDelay": 2.5,
                "mode": "direct",
                "tagPath": "[edge]Oil_Industry/Tank4/Status"
              },
              "transforms": [
                {
                  "code": "\tif value \u003d\u003d True :\n\t return 988\n\telse:\n\t\treturn 953",
                  "type": "script"
                }
              ],
              "type": "tag"
            }
          },
          "props.style.backgroundColor": {
            "binding": {
              "config": {
                "expression": "{[edge]Oil_Industry/Tank4/Status}"
              },
              "transforms": [
                {
                  "code": " if value \u003d\u003d True:\n\treturn \u0027#28A745\u0027\n else:\n \treturn \u0027#FFFFFF\u0027",
                  "type": "script"
                }
              ],
              "type": "expr"
            }
          }
        },
        "props": {
          "style": {
            "borderBottomLeftRadius": 12,
            "borderBottomRightRadius": 12,
            "borderStyle": "solid",
            "borderTopLeftRadius": 12,
            "borderTopRightRadius": 12,
            "borderWidth": 1
          }
        },
        "type": "ia.display.label"
      },
      {
        "events": {
          "dom": {
            "onClick": {
              "config": {
                "newTab": true,
                "url": "http://localhost:8088/data/perspective/client/Edge/tank5"
              },
              "scope": "C",
              "type": "nav"
            }
          }
        },
        "meta": {
          "name": "Label_34"
        },
        "position": {
          "height": 19.89,
          "width": 47.91,
          "x": 1194.68,
          "y": 60.65
        },
        "propConfig": {
          "props.style.backgroundColor": {
            "binding": {
              "config": {
                "fallbackDelay": 2.5,
                "mode": "direct",
                "tagPath": "[edge]Oil_Industry/Tank5/Status"
              },
              "transforms": [
                {
                  "code": " if value \u003d\u003d True:\n\treturn \u0027#FFFFFF\u0027\n else:\n \treturn \u0027#000000\u0027",
                  "type": "script"
                }
              ],
              "type": "tag"
            }
          }
        },
        "props": {
          "style": {
            "borderBottomLeftRadius": 12,
            "borderBottomRightRadius": 12,
            "borderColor": "#808080",
            "borderStyle": "solid",
            "borderTopLeftRadius": 12,
            "borderTopRightRadius": 12,
            "borderWidth": 1
          }
        },
        "type": "ia.display.label"
      },
      {
        "events": {
          "dom": {
            "onClick": {
              "config": {
                "newTab": true,
                "url": "http://localhost:8088/data/perspective/client/Edge/tank5"
              },
              "scope": "C",
              "type": "nav"
            }
          }
        },
        "meta": {
          "name": "Label_35"
        },
        "position": {
          "height": 19.89,
          "width": 18.2,
          "y": 60.860003815
        },
        "propConfig": {
          "position.x": {
            "binding": {
              "config": {
                "fallbackDelay": 2.5,
                "mode": "direct",
                "tagPath": "[edge]Oil_Industry/Tank5/Status"
              },
              "transforms": [
                {
                  "code": "\tif value \u003d\u003d True :\n\t return 1224\n\telse:\n\t\treturn 1194",
                  "type": "script"
                }
              ],
              "type": "tag"
            }
          },
          "props.style.backgroundColor": {
            "binding": {
              "config": {
                "expression": "{[edge]Oil_Industry/Tank5/Status}"
              },
              "transforms": [
                {
                  "code": " if value \u003d\u003d True:\n\treturn \u0027#28A745\u0027\n else:\n \treturn \u0027#FFFFFF\u0027",
                  "type": "script"
                }
              ],
              "type": "expr"
            }
          }
        },
        "props": {
          "style": {
            "borderBottomLeftRadius": 12,
            "borderBottomRightRadius": 12,
            "borderStyle": "solid",
            "borderTopLeftRadius": 12,
            "borderTopRightRadius": 12,
            "borderWidth": 1
          }
        },
        "type": "ia.display.label"
      },
      {
        "events": {
          "dom": {
            "onClick": {
              "config": {
                "newTab": true,
                "url": "http://localhost:8088/data/perspective/client/Edge/tank6"
              },
              "scope": "C",
              "type": "nav"
            }
          }
        },
        "meta": {
          "name": "Label_36"
        },
        "position": {
          "height": 19.89,
          "width": 47.91,
          "x": 1439.01,
          "y": 60.71
        },
        "propConfig": {
          "props.style.backgroundColor": {
            "binding": {
              "config": {
                "fallbackDelay": 2.5,
                "mode": "direct",
                "tagPath": "[edge]Oil_Industry/Tank6/Status"
              },
              "transforms": [
                {
                  "code": " if value \u003d\u003d True:\n\treturn \u0027#FFFFFF\u0027\n else:\n \treturn \u0027#000000\u0027",
                  "type": "script"
                }
              ],
              "type": "tag"
            }
          }
        },
        "props": {
          "style": {
            "borderBottomLeftRadius": 12,
            "borderBottomRightRadius": 12,
            "borderColor": "#808080",
            "borderStyle": "solid",
            "borderTopLeftRadius": 12,
            "borderTopRightRadius": 12,
            "borderWidth": 1
          }
        },
        "type": "ia.display.label"
      },
      {
        "events": {
          "dom": {
            "onClick": {
              "config": {
                "newTab": true,
                "url": "http://localhost:8088/data/perspective/client/Edge/tank6"
              },
              "scope": "C",
              "type": "nav"
            }
          }
        },
        "meta": {
          "name": "Label_37"
        },
        "position": {
          "height": 19.89,
          "width": 18.2,
          "y": 60.680003815
        },
        "propConfig": {
          "position.x": {
            "binding": {
              "config": {
                "fallbackDelay": 2.5,
                "mode": "direct",
                "tagPath": "[edge]Oil_Industry/Tank6/Status"
              },
              "transforms": [
                {
                  "code": "\tif value \u003d\u003d True :\n\t return 1469.87\n\telse:\n\t\treturn 1440.87",
                  "type": "script"
                }
              ],
              "type": "tag"
            }
          },
          "props.style.backgroundColor": {
            "binding": {
              "config": {
                "expression": "{[edge]Oil_Industry/Tank6/Status}"
              },
              "transforms": [
                {
                  "code": " if value \u003d\u003d True:\n\treturn \u0027#28A745\u0027\n else:\n \treturn \u0027#FFFFFF\u0027",
                  "type": "script"
                }
              ],
              "type": "expr"
            }
          }
        },
        "props": {
          "style": {
            "borderBottomLeftRadius": 12,
            "borderBottomRightRadius": 12,
            "borderStyle": "solid",
            "borderTopLeftRadius": 12,
            "borderTopRightRadius": 12,
            "borderWidth": 1
          }
        },
        "type": "ia.display.label"
      },
      {
        "events": {
          "dom": {
            "onClick": {
              "config": {
                "newTab": true,
                "url": "http://localhost:8088/data/perspective/client/Edge/pump1"
              },
              "scope": "C",
              "type": "nav"
            }
          }
        },
        "meta": {
          "name": "SimpleGauge"
        },
        "position": {
          "height": 251,
          "width": 228.05,
          "x": 50.59,
          "y": 463.5
        },
        "propConfig": {
          "props.value": {
            "binding": {
              "config": {
                "fallbackDelay": 2.5,
                "mode": "direct",
                "tagPath": "[edge]Oil_Industry/Pump1/Capacity"
              },
              "type": "tag"
            }
          }
        },
        "props": {
          "animate": true,
          "arc": {
            "width": 40
          },
          "label": {
            "visible": false
          },
          "maxValue": 5000
        },
        "type": "ia.chart.simple-gauge"
      },
      {
        "events": {
          "dom": {
            "onClick": {
              "config": {
                "newTab": true,
                "url": "http://localhost:8088/data/perspective/client/Edge/pump1"
              },
              "scope": "C",
              "type": "nav"
            }
          }
        },
        "meta": {
          "name": "Label_42"
        },
        "position": {
          "height": 19.89,
          "width": 47.91,
          "x": 223.45,
          "y": 400.41
        },
        "propConfig": {
          "props.style.backgroundColor": {
            "binding": {
              "config": {
                "fallbackDelay": 2.5,
                "mode": "direct",
                "tagPath": "[edge]Oil_Industry/Pump1/Status"
              },
              "transforms": [
                {
                  "code": " if value \u003d\u003d True:\n\treturn \u0027#FFFFFF\u0027\n else:\n \treturn \u0027#000000\u0027",
                  "type": "script"
                }
              ],
              "type": "tag"
            }
          }
        },
        "props": {
          "style": {
            "borderBottomLeftRadius": 12,
            "borderBottomRightRadius": 12,
            "borderColor": "#808080",
            "borderStyle": "solid",
            "borderTopLeftRadius": 12,
            "borderTopRightRadius": 12,
            "borderWidth": 1
          }
        },
        "type": "ia.display.label"
      },
      {
        "events": {
          "dom": {
            "onClick": {
              "config": {
                "newTab": true,
                "url": "http://localhost:8088/data/perspective/client/Edge/pump1"
              },
              "scope": "C",
              "type": "nav"
            }
          }
        },
        "meta": {
          "name": "Label_43"
        },
        "position": {
          "height": 19.89,
          "width": 18.2,
          "y": 400.74
        },
        "propConfig": {
          "position.x": {
            "binding": {
              "config": {
                "fallbackDelay": 2.5,
                "mode": "direct",
                "tagPath": "[edge]Oil_Industry/Pump1/Status"
              },
              "transforms": [
                {
                  "code": "\tif value \u003d\u003d True :\n\t return 253.347221375\n\telse:\n\t\treturn 223.444442749",
                  "type": "script"
                }
              ],
              "type": "tag"
            }
          },
          "props.style.backgroundColor": {
            "binding": {
              "config": {
                "expression": "{[edge]Oil_Industry/Pump1/Status}"
              },
              "transforms": [
                {
                  "code": " if value \u003d\u003d True:\n\treturn \u0027#28A745\u0027\n else:\n \treturn \u0027#FFFFFF\u0027",
                  "type": "script"
                }
              ],
              "type": "expr"
            }
          }
        },
        "props": {
          "style": {
            "borderBottomLeftRadius": 12,
            "borderBottomRightRadius": 12,
            "borderStyle": "solid",
            "borderTopLeftRadius": 12,
            "borderTopRightRadius": 12,
            "borderWidth": 1
          }
        },
        "type": "ia.display.label"
      },
      {
        "events": {
          "dom": {
            "onClick": {
              "config": {
                "newTab": true,
                "url": "http://localhost:8088/data/perspective/client/Edge/pump2"
              },
              "scope": "C",
              "type": "nav"
            }
          }
        },
        "meta": {
          "name": "Label_44"
        },
        "position": {
          "height": 19.89,
          "width": 151.39,
          "x": 307.61,
          "y": 401.03
        },
        "props": {
          "style": {
            "fontSize": 17
          },
          "text": "Pump2",
          "textStyle": {
            "color": "#4E5D4E",
            "fontWeight": "bold"
          }
        },
        "type": "ia.display.label"
      },
      {
        "events": {
          "dom": {
            "onClick": {
              "config": {
                "newTab": true,
                "url": "http://localhost:8088/data/perspective/client/Edge/pump3"
              },
              "scope": "C",
              "type": "nav"
            }
          }
        },
        "meta": {
          "name": "Label_45"
        },
        "position": {
          "height": 19.89,
          "width": 151.39,
          "x": 550.35,
          "y": 401.03
        },
        "props": {
          "style": {
            "fontSize": 17
          },
          "text": "Pump3",
          "textStyle": {
            "color": "#4E5D4E",
            "fontWeight": "bold"
          }
        },
        "type": "ia.display.label"
      },
      {
        "events": {
          "dom": {
            "onClick": {
              "config": {
                "newTab": true,
                "url": "http://localhost:8088/data/perspective/client/Edge/pump4"
              },
              "scope": "C",
              "type": "nav"
            }
          }
        },
        "meta": {
          "name": "Label_46"
        },
        "position": {
          "height": 19.89,
          "width": 151.39,
          "x": 793.73,
          "y": 401.03
        },
        "props": {
          "style": {
            "fontSize": 17
          },
          "text": "Pump4",
          "textStyle": {
            "color": "#4E5D4E",
            "fontWeight": "bold"
          }
        },
        "type": "ia.display.label"
      },
      {
        "events": {
          "dom": {
            "onClick": {
              "config": {
                "newTab": true,
                "url": "http://localhost:8088/data/perspective/client/Edge/pump5"
              },
              "scope": "C",
              "type": "nav"
            }
          }
        },
        "meta": {
          "name": "Label_47"
        },
        "position": {
          "height": 19.89,
          "width": 151.39,
          "x": 1039.98,
          "y": 401.03
        },
        "props": {
          "style": {
            "fontSize": 17
          },
          "text": "Pump5",
          "textStyle": {
            "color": "#4E5D4E",
            "fontWeight": "bold"
          }
        },
        "type": "ia.display.label"
      },
      {
        "events": {
          "dom": {
            "onClick": {
              "config": {
                "newTab": true,
                "url": "http://localhost:8088/data/perspective/client/Edge/pump6"
              },
              "scope": "C",
              "type": "nav"
            }
          }
        },
        "meta": {
          "name": "Label_48"
        },
        "position": {
          "height": 19.89,
          "width": 151.39,
          "x": 1283.36,
          "y": 401.03
        },
        "props": {
          "style": {
            "fontSize": 17
          },
          "text": "Pump6",
          "textStyle": {
            "color": "#4E5D4E",
            "fontWeight": "bold"
          }
        },
        "type": "ia.display.label"
      },
      {
        "events": {
          "dom": {
            "onClick": {
              "config": {
                "newTab": true,
                "url": "http://localhost:8088/data/perspective/client/Edge/pump2"
              },
              "scope": "C",
              "type": "nav"
            }
          }
        },
        "meta": {
          "name": "SimpleGauge_0"
        },
        "position": {
          "height": 251,
          "width": 228.04,
          "x": 294.27,
          "y": 463.5
        },
        "propConfig": {
          "props.value": {
            "binding": {
              "config": {
                "fallbackDelay": 2.5,
                "mode": "direct",
                "tagPath": "[edge]Oil_Industry/Pump2/Capacity"
              },
              "type": "tag"
            }
          }
        },
        "props": {
          "arc": {
            "width": 40
          },
          "label": {
            "visible": false
          },
          "maxValue": 5000
        },
        "type": "ia.chart.simple-gauge"
      },
      {
        "events": {
          "dom": {
            "onClick": {
              "config": {
                "newTab": true,
                "url": "http://localhost:8088/data/perspective/client/Edge/pump3"
              },
              "scope": "C",
              "type": "nav"
            }
          }
        },
        "meta": {
          "name": "SimpleGauge_1"
        },
        "position": {
          "height": 251,
          "width": 228.05,
          "x": 536.81,
          "y": 463.5
        },
        "propConfig": {
          "props.value": {
            "binding": {
              "config": {
                "fallbackDelay": 2.5,
                "mode": "direct",
                "tagPath": "[edge]Oil_Industry/Pump3/Capacity"
              },
              "type": "tag"
            }
          }
        },
        "props": {
          "arc": {
            "width": 40
          },
          "label": {
            "visible": false
          },
          "maxValue": 5000
        },
        "type": "ia.chart.simple-gauge"
      },
      {
        "events": {
          "dom": {
            "onClick": {
              "config": {
                "newTab": true,
                "url": "http://localhost:8088/data/perspective/client/Edge/pump4"
              },
              "scope": "C",
              "type": "nav"
            }
          }
        },
        "meta": {
          "name": "SimpleGauge_2"
        },
        "position": {
          "height": 251,
          "width": 228.05,
          "x": 779.23,
          "y": 463.5
        },
        "propConfig": {
          "props.value": {
            "binding": {
              "config": {
                "fallbackDelay": 2.5,
                "mode": "direct",
                "tagPath": "[edge]Oil_Industry/Pump4/Capacity"
              },
              "type": "tag"
            }
          }
        },
        "props": {
          "arc": {
            "width": 40
          },
          "label": {
            "visible": false
          },
          "maxValue": 5000
        },
        "type": "ia.chart.simple-gauge"
      },
      {
        "events": {
          "dom": {
            "onClick": {
              "config": {
                "newTab": true,
                "url": "http://localhost:8088/data/perspective/client/Edge/pump5"
              },
              "scope": "C",
              "type": "nav"
            }
          }
        },
        "meta": {
          "name": "SimpleGauge_3"
        },
        "position": {
          "height": 251,
          "width": 228.05,
          "x": 1022.61,
          "y": 463.5
        },
        "propConfig": {
          "props.value": {
            "binding": {
              "config": {
                "fallbackDelay": 2.5,
                "mode": "direct",
                "tagPath": "[edge]Oil_Industry/Pump5/Capacity"
              },
              "type": "tag"
            }
          }
        },
        "props": {
          "arc": {
            "width": 40
          },
          "label": {
            "visible": false
          },
          "maxValue": 5000
        },
        "type": "ia.chart.simple-gauge"
      },
      {
        "events": {
          "dom": {
            "onClick": {
              "config": {
                "newTab": true,
                "url": "http://localhost:8088/data/perspective/client/Edge/pump6"
              },
              "scope": "C",
              "type": "nav"
            }
          }
        },
        "meta": {
          "name": "SimpleGauge_4"
        },
        "position": {
          "height": 251,
          "width": 228.05,
          "x": 1265.42,
          "y": 463.5
        },
        "propConfig": {
          "props.value": {
            "binding": {
              "config": {
                "fallbackDelay": 2.5,
                "mode": "direct",
                "tagPath": "[edge]Oil_Industry/Pump6/Capacity"
              },
              "type": "tag"
            }
          }
        },
        "props": {
          "arc": {
            "width": 40
          },
          "label": {
            "visible": false
          },
          "maxValue": 5000
        },
        "type": "ia.chart.simple-gauge"
      },
      {
        "events": {
          "dom": {
            "onClick": {
              "config": {
                "newTab": true,
                "url": "http://localhost:8088/data/perspective/client/Edge/pump2"
              },
              "scope": "C",
              "type": "nav"
            }
          }
        },
        "meta": {
          "name": "Label_49"
        },
        "position": {
          "height": 19.89,
          "width": 47.91,
          "x": 468.06,
          "y": 400.41
        },
        "propConfig": {
          "props.style.backgroundColor": {
            "binding": {
              "config": {
                "fallbackDelay": 2.5,
                "mode": "direct",
                "tagPath": "[edge]Oil_Industry/Pump2/Status"
              },
              "transforms": [
                {
                  "code": " if value \u003d\u003d True:\n\treturn \u0027#FFFFFF\u0027\n else:\n \treturn \u0027#000000\u0027",
                  "type": "script"
                }
              ],
              "type": "tag"
            }
          }
        },
        "props": {
          "style": {
            "borderBottomLeftRadius": 12,
            "borderBottomRightRadius": 12,
            "borderColor": "#808080",
            "borderStyle": "solid",
            "borderTopLeftRadius": 12,
            "borderTopRightRadius": 12,
            "borderWidth": 1
          }
        },
        "type": "ia.display.label"
      },
      {
        "events": {
          "dom": {
            "onClick": {
              "config": {
                "newTab": true,
                "url": "http://localhost:8088/data/perspective/client/Edge/pump2"
              },
              "scope": "C",
              "type": "nav"
            }
          }
        },
        "meta": {
          "name": "Label_50"
        },
        "position": {
          "height": 19.89,
          "width": 18.2,
          "y": 400.74
        },
        "propConfig": {
          "position.x": {
            "binding": {
              "config": {
                "fallbackDelay": 2.5,
                "mode": "direct",
                "tagPath": "[edge]Oil_Industry/Pump2/Status"
              },
              "transforms": [
                {
                  "code": "\tif value \u003d\u003d True :\n\t return 497.821351135\n\telse:\n\t\treturn 467.63157251",
                  "type": "script"
                }
              ],
              "type": "tag"
            }
          },
          "props.style.backgroundColor": {
            "binding": {
              "config": {
                "expression": "{[edge]Oil_Industry/Pump2/Status}"
              },
              "transforms": [
                {
                  "code": " if value \u003d\u003d True:\n\treturn \u0027#28A745\u0027\n else:\n \treturn \u0027#FFFFFF\u0027",
                  "type": "script"
                }
              ],
              "type": "expr"
            }
          }
        },
        "props": {
          "style": {
            "borderBottomLeftRadius": 12,
            "borderBottomRightRadius": 12,
            "borderStyle": "solid",
            "borderTopLeftRadius": 12,
            "borderTopRightRadius": 12,
            "borderWidth": 1
          }
        },
        "type": "ia.display.label"
      },
      {
        "events": {
          "dom": {
            "onClick": {
              "config": {
                "newTab": true,
                "url": "http://localhost:8088/data/perspective/client/Edge/pump3"
              },
              "scope": "C",
              "type": "nav"
            }
          }
        },
        "meta": {
          "name": "Label_51"
        },
        "position": {
          "height": 19.89,
          "width": 47.91,
          "x": 707.61,
          "y": 400.41
        },
        "propConfig": {
          "props.style.backgroundColor": {
            "binding": {
              "config": {
                "fallbackDelay": 2.5,
                "mode": "direct",
                "tagPath": "[edge]Oil_Industry/Pump3/Status"
              },
              "transforms": [
                {
                  "code": " if value \u003d\u003d True:\n\treturn \u0027#FFFFFF\u0027\n else:\n \treturn \u0027#000000\u0027",
                  "type": "script"
                }
              ],
              "type": "tag"
            }
          }
        },
        "props": {
          "style": {
            "borderBottomLeftRadius": 12,
            "borderBottomRightRadius": 12,
            "borderColor": "#808080",
            "borderStyle": "solid",
            "borderTopLeftRadius": 12,
            "borderTopRightRadius": 12,
            "borderWidth": 1
          }
        },
        "type": "ia.display.label"
      },
      {
        "events": {
          "dom": {
            "onClick": {
              "config": {
                "newTab": true,
                "url": "http://localhost:8088/data/perspective/client/Edge/pump3"
              },
              "scope": "C",
              "type": "nav"
            }
          }
        },
        "meta": {
          "name": "Label_52"
        },
        "position": {
          "height": 19.89,
          "width": 18.2,
          "y": 400.74
        },
        "propConfig": {
          "position.x": {
            "binding": {
              "config": {
                "fallbackDelay": 2.5,
                "mode": "direct",
                "tagPath": "[edge]Oil_Industry/Pump3/Status"
              },
              "transforms": [
                {
                  "code": "\tif value \u003d\u003d True :\n\t return 737.500007629\n\telse:\n\t\treturn 707.597229004",
                  "type": "script"
                }
              ],
              "type": "tag"
            }
          },
          "props.style.backgroundColor": {
            "binding": {
              "config": {
                "expression": "{[edge]Oil_Industry/Pump3/Status}"
              },
              "transforms": [
                {
                  "code": " if value \u003d\u003d True:\n\treturn \u0027#28A745\u0027\n else:\n \treturn \u0027#FFFFFF\u0027",
                  "type": "script"
                }
              ],
              "type": "expr"
            }
          }
        },
        "props": {
          "style": {
            "borderBottomLeftRadius": 12,
            "borderBottomRightRadius": 12,
            "borderStyle": "solid",
            "borderTopLeftRadius": 12,
            "borderTopRightRadius": 12,
            "borderWidth": 1
          }
        },
        "type": "ia.display.label"
      },
      {
        "events": {
          "dom": {
            "onClick": {
              "config": {
                "newTab": true,
                "url": "http://localhost:8088/data/perspective/client/Edge/pump4"
              },
              "scope": "C",
              "type": "nav"
            }
          }
        },
        "meta": {
          "name": "Label_53"
        },
        "position": {
          "height": 19.89,
          "width": 47.91,
          "x": 952.26,
          "y": 400.49
        },
        "propConfig": {
          "props.style.backgroundColor": {
            "binding": {
              "config": {
                "fallbackDelay": 2.5,
                "mode": "direct",
                "tagPath": "[edge]Oil_Industry/Pump4/Status"
              },
              "transforms": [
                {
                  "code": " if value \u003d\u003d True:\n\treturn \u0027#FFFFFF\u0027\n else:\n \treturn \u0027#000000\u0027",
                  "type": "script"
                }
              ],
              "type": "tag"
            }
          }
        },
        "props": {
          "style": {
            "borderBottomLeftRadius": 12,
            "borderBottomRightRadius": 12,
            "borderColor": "#808080",
            "borderStyle": "solid",
            "borderTopLeftRadius": 12,
            "borderTopRightRadius": 12,
            "borderWidth": 1
          }
        },
        "type": "ia.display.label"
      },
      {
        "events": {
          "dom": {
            "onClick": {
              "config": {
                "newTab": true,
                "url": "http://localhost:8088/data/perspective/client/Edge/pump4"
              },
              "scope": "C",
              "type": "nav"
            }
          }
        },
        "meta": {
          "name": "Label_54"
        },
        "position": {
          "height": 19.89,
          "width": 18.2,
          "y": 400.74
        },
        "propConfig": {
          "position.x": {
            "binding": {
              "config": {
                "fallbackDelay": 2.5,
                "mode": "direct",
                "tagPath": "[edge]Oil_Industry/Pump4/Status"
              },
              "transforms": [
                {
                  "code": "\tif value \u003d\u003d True :\n\t return 988\n\telse:\n\t\treturn 953",
                  "type": "script"
                }
              ],
              "type": "tag"
            }
          },
          "props.style.backgroundColor": {
            "binding": {
              "config": {
                "expression": "{[edge]Oil_Industry/Pump4/Status}"
              },
              "transforms": [
                {
                  "code": " if value \u003d\u003d True:\n\treturn \u0027#28A745\u0027\n else:\n \treturn \u0027#FFFFFF\u0027",
                  "type": "script"
                }
              ],
              "type": "expr"
            }
          }
        },
        "props": {
          "style": {
            "borderBottomLeftRadius": 12,
            "borderBottomRightRadius": 12,
            "borderStyle": "solid",
            "borderTopLeftRadius": 12,
            "borderTopRightRadius": 12,
            "borderWidth": 1
          }
        },
        "type": "ia.display.label"
      },
      {
        "events": {
          "dom": {
            "onClick": {
              "config": {
                "newTab": true,
                "url": "http://localhost:8088/data/perspective/client/Edge/pump5"
              },
              "scope": "C",
              "type": "nav"
            }
          }
        },
        "meta": {
          "name": "Label_55"
        },
        "position": {
          "height": 19.89,
          "width": 47.91,
          "x": 1194.68,
          "y": 400.49
        },
        "propConfig": {
          "props.style.backgroundColor": {
            "binding": {
              "config": {
                "fallbackDelay": 2.5,
                "mode": "direct",
                "tagPath": "[edge]Oil_Industry/Pump5/Status"
              },
              "transforms": [
                {
                  "code": " if value \u003d\u003d True:\n\treturn \u0027#FFFFFF\u0027\n else:\n \treturn \u0027#000000\u0027",
                  "type": "script"
                }
              ],
              "type": "tag"
            }
          }
        },
        "props": {
          "style": {
            "borderBottomLeftRadius": 12,
            "borderBottomRightRadius": 12,
            "borderColor": "#808080",
            "borderStyle": "solid",
            "borderTopLeftRadius": 12,
            "borderTopRightRadius": 12,
            "borderWidth": 1
          }
        },
        "type": "ia.display.label"
      },
      {
        "events": {
          "dom": {
            "onClick": {
              "config": {
                "newTab": true,
                "url": "http://localhost:8088/data/perspective/client/Edge/pump5"
              },
              "scope": "C",
              "type": "nav"
            }
          }
        },
        "meta": {
          "name": "Label_56"
        },
        "position": {
          "height": 19.89,
          "width": 18.2,
          "y": 400.74
        },
        "propConfig": {
          "position.x": {
            "binding": {
              "config": {
                "fallbackDelay": 2.5,
                "mode": "direct",
                "tagPath": "[edge]Oil_Industry/Pump5/Status"
              },
              "transforms": [
                {
                  "code": "\tif value \u003d\u003d True :\n\t return 1224\n\telse:\n\t\treturn 1194",
                  "type": "script"
                }
              ],
              "type": "tag"
            }
          },
          "props.style.backgroundColor": {
            "binding": {
              "config": {
                "expression": "{[edge]Oil_Industry/Pump5/Status}"
              },
              "transforms": [
                {
                  "code": " if value \u003d\u003d True:\n\treturn \u0027#28A745\u0027\n else:\n \treturn \u0027#FFFFFF\u0027",
                  "type": "script"
                }
              ],
              "type": "expr"
            }
          }
        },
        "props": {
          "style": {
            "borderBottomLeftRadius": 12,
            "borderBottomRightRadius": 12,
            "borderStyle": "solid",
            "borderTopLeftRadius": 12,
            "borderTopRightRadius": 12,
            "borderWidth": 1
          }
        },
        "type": "ia.display.label"
      },
      {
        "events": {
          "dom": {
            "onClick": {
              "config": {
                "newTab": true,
                "url": "http://localhost:8088/data/perspective/client/Edge/pump6"
              },
              "scope": "C",
              "type": "nav"
            }
          }
        },
        "meta": {
          "name": "Label_57"
        },
        "position": {
          "height": 19.89,
          "width": 47.91,
          "x": 1439.01,
          "y": 400.49
        },
        "propConfig": {
          "props.style.backgroundColor": {
            "binding": {
              "config": {
                "fallbackDelay": 2.5,
                "mode": "direct",
                "tagPath": "[edge]Oil_Industry/Pump6/Status"
              },
              "transforms": [
                {
                  "code": " if value \u003d\u003d True:\n\treturn \u0027#FFFFFF\u0027\n else:\n \treturn \u0027#000000\u0027",
                  "type": "script"
                }
              ],
              "type": "tag"
            }
          }
        },
        "props": {
          "style": {
            "borderBottomLeftRadius": 12,
            "borderBottomRightRadius": 12,
            "borderColor": "#808080",
            "borderStyle": "solid",
            "borderTopLeftRadius": 12,
            "borderTopRightRadius": 12,
            "borderWidth": 1
          }
        },
        "type": "ia.display.label"
      },
      {
        "events": {
          "dom": {
            "onClick": {
              "config": {
                "newTab": true,
                "url": "http://localhost:8088/data/perspective/client/Edge/pump6"
              },
              "scope": "C",
              "type": "nav"
            }
          }
        },
        "meta": {
          "name": "Label_58"
        },
        "position": {
          "height": 19.89,
          "width": 18.2,
          "y": 400.88
        },
        "propConfig": {
          "position.x": {
            "binding": {
              "config": {
                "fallbackDelay": 2.5,
                "mode": "direct",
                "tagPath": "[edge]Oil_Industry/Pump6/Status"
              },
              "transforms": [
                {
                  "code": "\tif value \u003d\u003d True :\n\t return 1469.87\n\telse:\n\t\treturn 1440.87",
                  "type": "script"
                }
              ],
              "type": "tag"
            }
          },
          "props.style.backgroundColor": {
            "binding": {
              "config": {
                "expression": "{[edge]Oil_Industry/Pump6/Status}"
              },
              "transforms": [
                {
                  "code": " if value \u003d\u003d True:\n\treturn \u0027#28A745\u0027\n else:\n \treturn \u0027#FFFFFF\u0027",
                  "type": "script"
                }
              ],
              "type": "expr"
            }
          }
        },
        "props": {
          "style": {
            "borderBottomLeftRadius": 12,
            "borderBottomRightRadius": 12,
            "borderStyle": "solid",
            "borderTopLeftRadius": 12,
            "borderTopRightRadius": 12,
            "borderWidth": 1
          }
        },
        "type": "ia.display.label"
      },
      {
        "events": {
          "dom": {
            "onClick": {
              "config": {
                "newTab": true,
                "url": "http://localhost:8088/data/perspective/client/Edge/tank2"
              },
              "scope": "C",
              "type": "nav"
            }
          }
        },
        "meta": {
          "name": "Label_59"
        },
        "position": {
          "width": 86.24,
          "x": 365.26
        },
        "propConfig": {
          "position.height": {
            "binding": {
              "config": {
                "expression": "(({[edge]Oil_Industry/Tank2/Capacity}/(3.1415*(({[edge]Oil_Industry/Tank2/Diameter}/2)^2)*7.48)))/{[edge]Oil_Industry/Tank2/Height}"
              },
              "transforms": [
                {
                  "expression": "{value}*146",
                  "type": "expression"
                }
              ],
              "type": "expr"
            }
          },
          "position.y": {
            "binding": {
              "config": {
                "expression": "148.07 + (146-{this.position.height})"
              },
              "type": "expr"
            }
          }
        },
        "props": {
          "style": {
            "backgroundColor": "#d1e3f8"
          }
        },
        "type": "ia.display.label"
      },
      {
        "events": {
          "dom": {
            "onClick": {
              "config": {
                "newTab": true,
                "url": "http://localhost:8088/data/perspective/client/Edge/tank3"
              },
              "scope": "C",
              "type": "nav"
            }
          }
        },
        "meta": {
          "name": "Label_60"
        },
        "position": {
          "width": 86.24,
          "x": 607.68
        },
        "propConfig": {
          "position.height": {
            "binding": {
              "config": {
                "expression": "(({[edge]Oil_Industry/Tank3/Capacity}/(3.1415*(({[edge]Oil_Industry/Tank3/Diameter}/2)^2)*7.48)))/{[edge]Oil_Industry/Tank3/Height}"
              },
              "transforms": [
                {
                  "expression": "{value}*146",
                  "type": "expression"
                }
              ],
              "type": "expr"
            }
          },
          "position.y": {
            "binding": {
              "config": {
                "expression": "148.07 + (146-{this.position.height})"
              },
              "type": "expr"
            }
          }
        },
        "props": {
          "style": {
            "backgroundColor": "#d1e3f8"
          }
        },
        "type": "ia.display.label"
      },
      {
        "events": {
          "dom": {
            "onClick": {
              "config": {
                "newTab": true,
                "url": "http://localhost:8088/data/perspective/client/Edge/tank4"
              },
              "scope": "C",
              "type": "nav"
            }
          }
        },
        "meta": {
          "name": "Label_61"
        },
        "position": {
          "width": 86.23,
          "x": 851.06
        },
        "propConfig": {
          "position.height": {
            "binding": {
              "config": {
                "expression": "(({[edge]Oil_Industry/Tank4/Capacity}/(3.1415*(({[edge]Oil_Industry/Tank4/Diameter}/2)^2)*7.48)))/{[edge]Oil_Industry/Tank4/Height}"
              },
              "transforms": [
                {
                  "expression": "{value}*146",
                  "type": "expression"
                }
              ],
              "type": "expr"
            }
          },
          "position.y": {
            "binding": {
              "config": {
                "expression": "148.07 + (146-{this.position.height})"
              },
              "type": "expr"
            }
          }
        },
        "props": {
          "style": {
            "backgroundColor": "#d1e3f8"
          }
        },
        "type": "ia.display.label"
      },
      {
        "events": {
          "dom": {
            "onClick": {
              "config": {
                "newTab": true,
                "url": "http://localhost:8088/data/perspective/client/Edge/tank5"
              },
              "scope": "C",
              "type": "nav"
            }
          }
        },
        "meta": {
          "name": "Label_62"
        },
        "position": {
          "width": 86.24,
          "x": 1096.35
        },
        "propConfig": {
          "position.height": {
            "binding": {
              "config": {
                "expression": "(({[edge]Oil_Industry/Tank5/Capacity}/(3.1415*(({[edge]Oil_Industry/Tank5/Diameter}/2)^2)*7.48)))/{[edge]Oil_Industry/Tank5/Height}"
              },
              "transforms": [
                {
                  "expression": "{value}*146\r\n",
                  "type": "expression"
                }
              ],
              "type": "expr"
            }
          },
          "position.y": {
            "binding": {
              "config": {
                "expression": "148.07 + (146-{this.position.height})"
              },
              "type": "expr"
            }
          }
        },
        "props": {
          "style": {
            "backgroundColor": "#d1e3f8"
          }
        },
        "type": "ia.display.label"
      },
      {
        "events": {
          "dom": {
            "onClick": {
              "config": {
                "newTab": true,
                "url": "http://localhost:8088/data/perspective/client/Edge/tank6"
              },
              "scope": "C",
              "type": "nav"
            }
          }
        },
        "meta": {
          "name": "Label_63"
        },
        "position": {
          "width": 86.23,
          "x": 1330.15
        },
        "propConfig": {
          "position.height": {
            "binding": {
              "config": {
                "expression": "(({[edge]Oil_Industry/Tank6/Capacity}/(3.1415*(({[edge]Oil_Industry/Tank6/Diameter}/2)^2)*7.48)))/{[edge]Oil_Industry/Tank6/Height}"
              },
              "transforms": [
                {
                  "expression": "{value}*146",
                  "type": "expression"
                }
              ],
              "type": "expr"
            }
          },
          "position.y": {
            "binding": {
              "config": {
                "expression": "148.07 + (146-{this.position.height})"
              },
              "type": "expr"
            }
          }
        },
        "props": {
          "style": {
            "backgroundColor": "#d1e3f8"
          }
        },
        "type": "ia.display.label"
      },
      {
        "events": {
          "dom": {
            "onClick": {
              "config": {
                "newTab": true,
                "url": "http://localhost:8088/data/perspective/client/Edge/tank1"
              },
              "scope": "C",
              "type": "nav"
            }
          }
        },
        "meta": {
          "name": "Label_111"
        },
        "position": {
          "height": 28.42,
          "width": 62.28,
          "x": 129.08,
          "y": 211.78
        },
        "propConfig": {
          "props.text": {
            "binding": {
              "config": {
                "expression": "(({[edge]Oil_Industry/Tank1/Capacity})/((({[edge]Oil_Industry/Tank1/Diameter}^2)*7.48*{[edge]Oil_Industry/Tank1/Height}*3.1415)/4))*100"
              },
              "transforms": [
                {
                  "expression": "numberFormat({value}, \"0.00\")+\" \"+\"%\"",
                  "type": "expression"
                }
              ],
              "type": "expr"
            }
          }
        },
        "props": {
          "style": {
            "backgroundColor": "rgba(255, 255, 255, 0)",
            "borderColor": "#D5D5D5",
            "borderStyle": "none",
            "borderWidth": 1,
            "textAlign": "center"
          },
          "textStyle": {
            "color": "#333333",
            "fontSize": 16,
            "fontWeight": "bold",
            "textAlign": "center"
          }
        },
        "type": "ia.display.label"
      },
      {
        "events": {
          "dom": {
            "onClick": {
              "config": {
                "newTab": true,
                "url": "http://localhost:8088/data/perspective/client/Edge/tank2"
              },
              "scope": "C",
              "type": "nav"
            }
          }
        },
        "meta": {
          "name": "Label_112"
        },
        "position": {
          "height": 28.42,
          "width": 62.28,
          "x": 377.07,
          "y": 211.78
        },
        "propConfig": {
          "props.text": {
            "binding": {
              "config": {
                "expression": "(({[edge]Oil_Industry/Tank2/Capacity})/((({[edge]Oil_Industry/Tank2/Diameter}^2)*7.48*{[edge]Oil_Industry/Tank2/Height}*3.1415)/4))*100"
              },
              "transforms": [
                {
                  "expression": "numberFormat({value}, \"0.00\")+\" \"+\"%\"",
                  "type": "expression"
                }
              ],
              "type": "expr"
            }
          }
        },
        "props": {
          "style": {
            "backgroundColor": "rgba(255, 255, 255, 0)",
            "borderColor": "#D5D5D5",
            "borderStyle": "none",
            "borderWidth": 1,
            "textAlign": "center"
          },
          "textStyle": {
            "color": "#333333",
            "fontSize": 16,
            "fontWeight": "bold",
            "textAlign": "center"
          }
        },
        "type": "ia.display.label"
      },
      {
        "events": {
          "dom": {
            "onClick": {
              "config": {
                "newTab": true,
                "url": "http://localhost:8088/data/perspective/client/Edge/tank3"
              },
              "scope": "C",
              "type": "nav"
            }
          }
        },
        "meta": {
          "name": "Label_113"
        },
        "position": {
          "height": 28.42,
          "width": 62.28,
          "x": 619.81,
          "y": 211.78
        },
        "propConfig": {
          "props.text": {
            "binding": {
              "config": {
                "expression": "(({[edge]Oil_Industry/Tank3/Capacity})/((({[edge]Oil_Industry/Tank3/Diameter}^2)*7.48*{[edge]Oil_Industry/Tank3/Height}*3.1415)/4))*100"
              },
              "transforms": [
                {
                  "expression": "numberFormat({value}, \"0.00\")+\" \"+\"%\"",
                  "type": "expression"
                }
              ],
              "type": "expr"
            }
          }
        },
        "props": {
          "style": {
            "backgroundColor": "rgba(255, 255, 255, 0)",
            "borderColor": "#D5D5D5",
            "borderStyle": "none",
            "borderWidth": 1,
            "textAlign": "center"
          },
          "textStyle": {
            "color": "#333333",
            "fontSize": 16,
            "fontWeight": "bold",
            "textAlign": "center"
          }
        },
        "type": "ia.display.label"
      },
      {
        "events": {
          "dom": {
            "onClick": {
              "config": {
                "newTab": true,
                "url": "http://localhost:8088/data/perspective/client/Edge/tank4"
              },
              "scope": "C",
              "type": "nav"
            }
          }
        },
        "meta": {
          "name": "Label_114"
        },
        "position": {
          "height": 28.42,
          "width": 62.28,
          "x": 862.28,
          "y": 211.78
        },
        "propConfig": {
          "props.text": {
            "binding": {
              "config": {
                "expression": "(({[edge]Oil_Industry/Tank4/Capacity})/((({[edge]Oil_Industry/Tank4/Diameter}^2)*7.48*{[edge]Oil_Industry/Tank4/Height}*3.1415)/4))*100"
              },
              "transforms": [
                {
                  "expression": "numberFormat({value}, \"0.00\")+\" \"+\"%\"",
                  "type": "expression"
                }
              ],
              "type": "expr"
            }
          }
        },
        "props": {
          "style": {
            "backgroundColor": "rgba(255, 255, 255, 0)",
            "borderColor": "#D5D5D5",
            "borderStyle": "none",
            "borderWidth": 1,
            "textAlign": "center"
          },
          "textStyle": {
            "color": "#333333",
            "fontSize": 16,
            "fontWeight": "bold",
            "textAlign": "center"
          }
        },
        "type": "ia.display.label"
      },
      {
        "events": {
          "dom": {
            "onClick": {
              "config": {
                "newTab": true,
                "url": "http://localhost:8088/data/perspective/client/Edge/tank5"
              },
              "scope": "C",
              "type": "nav"
            }
          }
        },
        "meta": {
          "name": "Label_115"
        },
        "position": {
          "height": 28.42,
          "width": 62.28,
          "x": 1107.85,
          "y": 211.78
        },
        "propConfig": {
          "props.text": {
            "binding": {
              "config": {
                "expression": "(({[edge]Oil_Industry/Tank5/Capacity})/((({[edge]Oil_Industry/Tank5/Diameter}^2)*7.48*{[edge]Oil_Industry/Tank5/Height}*3.1415)/4))*100"
              },
              "transforms": [
                {
                  "expression": "numberFormat({value}, \"0.00\")+\" \"+\"%\"",
                  "type": "expression"
                }
              ],
              "type": "expr"
            }
          }
        },
        "props": {
          "style": {
            "backgroundColor": "rgba(255, 255, 255, 0)",
            "borderColor": "#D5D5D5",
            "borderStyle": "none",
            "borderWidth": 1,
            "textAlign": "center"
          },
          "textStyle": {
            "color": "#333333",
            "fontSize": 16,
            "fontWeight": "bold",
            "textAlign": "center"
          }
        },
        "type": "ia.display.label"
      },
      {
        "events": {
          "dom": {
            "onClick": {
              "config": {
                "newTab": true,
                "url": "http://localhost:8088/data/perspective/client/Edge/tank6"
              },
              "scope": "C",
              "type": "nav"
            }
          }
        },
        "meta": {
          "name": "Label_116"
        },
        "position": {
          "height": 28.42,
          "width": 62.28,
          "x": 1344.52,
          "y": 211.78
        },
        "propConfig": {
          "props.text": {
            "binding": {
              "config": {
                "expression": "(({[edge]Oil_Industry/Tank6/Capacity})/((({[edge]Oil_Industry/Tank6/Diameter}^2)*7.48*{[edge]Oil_Industry/Tank6/Height}*3.1415)/4))*100"
              },
              "transforms": [
                {
                  "expression": "numberFormat({value}, \"0.00\")+\" \"+\"%\"",
                  "type": "expression"
                }
              ],
              "type": "expr"
            }
          }
        },
        "props": {
          "style": {
            "backgroundColor": "rgba(255, 255, 255, 0)",
            "borderColor": "#D5D5D5",
            "borderStyle": "none",
            "borderWidth": 1,
            "textAlign": "center"
          },
          "textStyle": {
            "color": "#333333",
            "fontSize": 16,
            "fontWeight": "bold",
            "textAlign": "center"
          }
        },
        "type": "ia.display.label"
      },
      {
        "events": {
          "dom": {
            "onClick": {
              "config": {
                "newTab": true,
                "url": "http://localhost:8088/data/perspective/client/Edge/tank2"
              },
              "scope": "C",
              "type": "nav"
            }
          }
        },
        "meta": {
          "name": "Label_13"
        },
        "position": {
          "height": 156.29,
          "width": 95.81,
          "x": 360.52,
          "y": 142.76
        },
        "props": {
          "style": {
            "borderColor": "#808080",
            "borderStyle": "solid",
            "borderWidth": 3
          }
        },
        "type": "ia.display.label"
      },
      {
        "events": {
          "dom": {
            "onClick": {
              "config": {
                "newTab": true,
                "url": "http://localhost:8088/data/perspective/client/Edge/tank3"
              },
              "scope": "C",
              "type": "nav"
            }
          }
        },
        "meta": {
          "name": "Label_14"
        },
        "position": {
          "height": 156.29,
          "width": 95.82,
          "x": 602.62,
          "y": 142.76
        },
        "props": {
          "style": {
            "borderColor": "#808080",
            "borderStyle": "solid",
            "borderWidth": 3
          }
        },
        "type": "ia.display.label"
      },
      {
        "events": {
          "dom": {
            "onClick": {
              "config": {
                "newTab": true,
                "url": "http://localhost:8088/data/perspective/client/Edge/tank4"
              },
              "scope": "C",
              "type": "nav"
            }
          }
        },
        "meta": {
          "name": "Label_19"
        },
        "position": {
          "height": 156.29,
          "width": 95.82,
          "x": 846.1,
          "y": 142.76
        },
        "props": {
          "style": {
            "borderColor": "#808080",
            "borderStyle": "solid",
            "borderWidth": 3
          }
        },
        "type": "ia.display.label"
      },
      {
        "events": {
          "dom": {
            "onClick": {
              "config": {
                "newTab": true,
                "url": "http://localhost:8088/data/perspective/client/Edge/tank5"
              },
              "scope": "C",
              "type": "nav"
            }
          }
        },
        "meta": {
          "name": "Label_20"
        },
        "position": {
          "height": 156.29,
          "width": 95.81,
          "x": 1091.63,
          "y": 142.76
        },
        "props": {
          "style": {
            "borderColor": "#808080",
            "borderStyle": "solid",
            "borderWidth": 3
          }
        },
        "type": "ia.display.label"
      },
      {
        "events": {
          "dom": {
            "onClick": {
              "config": {
                "newTab": true,
                "url": "http://localhost:8088/data/perspective/client/Edge/tank6"
              },
              "scope": "C",
              "type": "nav"
            }
          }
        },
        "meta": {
          "name": "Label_21"
        },
        "position": {
          "height": 156.29,
          "width": 95.82,
          "x": 1325.42,
          "y": 142.76
        },
        "props": {
          "style": {
            "borderColor": "#808080",
            "borderStyle": "solid",
            "borderWidth": 3
          }
        },
        "type": "ia.display.label"
      },
      {
        "events": {
          "dom": {
            "onClick": {
              "config": {
                "newTab": true,
                "url": "http://localhost:8088/data/perspective/client/Edge/pump1"
              },
              "scope": "C",
              "type": "nav"
            }
          }
        },
        "meta": {
          "name": "Label_22"
        },
        "position": {
          "height": 17.05,
          "width": 59.41,
          "x": 135.75,
          "y": 609.15
        },
        "propConfig": {
          "props.text": {
            "binding": {
              "config": {
                "fallbackDelay": 2.5,
                "mode": "direct",
                "tagPath": "[edge]Oil_Industry/Pump1/Capacity"
              },
              "transforms": [
                {
                  "expression": "({value}/5000)*100",
                  "type": "expression"
                },
                {
                  "expression": "numberFormat({value},\"0.00\")+\" \"+\"%\"",
                  "type": "expression"
                }
              ],
              "type": "tag"
            }
          }
        },
        "props": {
          "style": {
            "fontSize": 16
          },
          "textStyle": {
            "color": "#333333",
            "fontWeight": "bold"
          }
        },
        "type": "ia.display.label"
      },
      {
        "events": {
          "dom": {
            "onClick": {
              "config": {
                "newTab": true,
                "url": "http://localhost:8088/data/perspective/client/Edge/pump2"
              },
              "scope": "C",
              "type": "nav"
            }
          }
        },
        "meta": {
          "name": "Label_38"
        },
        "position": {
          "height": 17.05,
          "width": 59.41,
          "x": 382.84,
          "y": 609.15
        },
        "propConfig": {
          "props.text": {
            "binding": {
              "config": {
                "fallbackDelay": 2.5,
                "mode": "direct",
                "tagPath": "[edge]Oil_Industry/Pump2/Capacity"
              },
              "transforms": [
                {
                  "expression": "({value}/5000)*100",
                  "type": "expression"
                },
                {
                  "expression": "numberFormat({value},\"0.00\")+\" \"+\"%\"",
                  "type": "expression"
                }
              ],
              "type": "tag"
            }
          }
        },
        "props": {
          "style": {
            "fontSize": 16
          },
          "textStyle": {
            "color": "#333333",
            "fontWeight": "bold"
          }
        },
        "type": "ia.display.label"
      },
      {
        "events": {
          "dom": {
            "onClick": {
              "config": {
                "newTab": true,
                "url": "http://localhost:8088/data/perspective/client/Edge/pump3"
              },
              "scope": "C",
              "type": "nav"
            }
          }
        },
        "meta": {
          "name": "Label_39"
        },
        "position": {
          "height": 17.05,
          "width": 59.4,
          "x": 621.27,
          "y": 609.15
        },
        "propConfig": {
          "props.text": {
            "binding": {
              "config": {
                "fallbackDelay": 2.5,
                "mode": "direct",
                "tagPath": "[edge]Oil_Industry/Pump3/Capacity"
              },
              "transforms": [
                {
                  "expression": "({value}/5000)*100",
                  "type": "expression"
                },
                {
                  "expression": "numberFormat({value},\"0.00\")+\" \"+\"%\"",
                  "type": "expression"
                }
              ],
              "type": "tag"
            }
          }
        },
        "props": {
          "style": {
            "fontSize": 16
          },
          "textStyle": {
            "color": "#333333",
            "fontWeight": "bold"
          }
        },
        "type": "ia.display.label"
      },
      {
        "events": {
          "dom": {
            "onClick": {
              "config": {
                "newTab": true,
                "url": "http://localhost:8088/data/perspective/client/Edge/pump4"
              },
              "scope": "C",
              "type": "nav"
            }
          }
        },
        "meta": {
          "name": "Label_40"
        },
        "position": {
          "height": 17.05,
          "width": 59.41,
          "x": 864.22,
          "y": 609.15
        },
        "propConfig": {
          "props.text": {
            "binding": {
              "config": {
                "fallbackDelay": 2.5,
                "mode": "direct",
                "tagPath": "[edge]Oil_Industry/Pump4/Capacity"
              },
              "transforms": [
                {
                  "expression": "({value}/5000)*100",
                  "type": "expression"
                },
                {
                  "expression": "numberFormat({value},\"0.00\")+\" \"+\"%\"",
                  "type": "expression"
                }
              ],
              "type": "tag"
            }
          }
        },
        "props": {
          "style": {
            "fontSize": 16
          },
          "textStyle": {
            "color": "#333333",
            "fontWeight": "bold"
          }
        },
        "type": "ia.display.label"
      },
      {
        "events": {
          "dom": {
            "onClick": {
              "config": {
                "newTab": true,
                "url": "http://localhost:8088/data/perspective/client/Edge/pump5"
              },
              "scope": "C",
              "type": "nav"
            }
          }
        },
        "meta": {
          "name": "Label_41"
        },
        "position": {
          "height": 17.05,
          "width": 65.15,
          "x": 1109.95,
          "y": 609.15
        },
        "propConfig": {
          "props.text": {
            "binding": {
              "config": {
                "fallbackDelay": 2.5,
                "mode": "direct",
                "tagPath": "[edge]Oil_Industry/Pump5/Capacity"
              },
              "transforms": [
                {
                  "expression": "({value}/5000)*100",
                  "type": "expression"
                },
                {
                  "expression": "numberFormat({value},\"0.00\")+\" \"+\"%\"",
                  "type": "expression"
                }
              ],
              "type": "tag"
            }
          }
        },
        "props": {
          "style": {
            "fontSize": 16
          },
          "textStyle": {
            "color": "#333333",
            "fontWeight": "bold"
          }
        },
        "type": "ia.display.label"
      },
      {
        "events": {
          "dom": {
            "onClick": {
              "config": {
                "newTab": true,
                "url": "http://localhost:8088/data/perspective/client/Edge/pump6"
              },
              "scope": "C",
              "type": "nav"
            }
          }
        },
        "meta": {
          "name": "Label_64"
        },
        "position": {
          "height": 17.05,
          "width": 59.4,
          "x": 1349.61,
          "y": 609.15
        },
        "propConfig": {
          "props.text": {
            "binding": {
              "config": {
                "fallbackDelay": 2.5,
                "mode": "direct",
                "tagPath": "[edge]Oil_Industry/Pump6/Capacity"
              },
              "transforms": [
                {
                  "expression": "({value}/5000)*100",
                  "type": "expression"
                },
                {
                  "expression": "numberFormat({value},\"0.00\")+\" \"+\"%\"",
                  "type": "expression"
                }
              ],
              "type": "tag"
            }
          }
        },
        "props": {
          "style": {
            "fontSize": 16
          },
          "textStyle": {
            "color": "#333333",
            "fontWeight": "bold"
          }
        },
        "type": "ia.display.label"
      },
      {
        "meta": {
          "name": "Label_65"
        },
        "position": {
          "height": 32,
          "width": 185,
          "x": 682.6019379806519,
          "y": 8
        },
        "props": {
          "style": {
            "color": "#4E5D4E",
            "fontSize": 20,
            "fontWeight": "bold"
          },
          "text": "Monitoring Unit"
        },
        "type": "ia.display.label"
      }
    ],
    "meta": {
      "name": "root"
    },
    "props": {
      "style": {
        "backgroundColor": "#F0F0F0"
      }
    },
    "type": "ia.container.coord"
  }
}